crawl_date,source,target,count
20230509,obeahhistories.org,wordpress.com,5811
20230509,obeahhistories.org,automattic.com,5811
20230509,obeahhistories.org,obeahhistories.org,5811
20230709,obeahhistories.org,obeahhistories.org,5250
20230709,obeahhistories.org,wordpress.com,5250
20230709,obeahhistories.org,automattic.com,5250
20230710,obeahhistories.org,obeahhistories.org,5146
20230710,obeahhistories.org,wordpress.com,5146
20230710,obeahhistories.org,automattic.com,5146
20230707,obeahhistories.org,obeahhistories.org,4710
20230707,obeahhistories.org,automattic.com,4710
20230707,obeahhistories.org,wordpress.com,4710
20230706,obeahhistories.org,wordpress.com,4380
20230706,obeahhistories.org,obeahhistories.org,4380
20230706,obeahhistories.org,automattic.com,4380
20230708,obeahhistories.org,wordpress.com,4350
20230708,obeahhistories.org,automattic.com,4350
20230708,obeahhistories.org,obeahhistories.org,4350
20230509,nypl.org,nypl.org,4250
20230509,novascotia.ca,twitter.com,3964
20230509,novascotia.ca,novascotia.ca,3964
20230509,novascotia.ca,facebook.com,3964
20230509,novascotia.ca,accesstomemory.net,3964
20230509,novascotia.ca,instagram.com,3964
20230509,novascotia.ca,accesstomemory.ca,3964
20230509,novascotia.ca,library.ns.ca,3964
20230509,novascotia.ca,youtube.com,3964
20230509,georgetown.edu,georgetown.edu,3796
20230509,georgetown.edu,omeka.org,3670
20230707,nypl.org,nypl.org,3516
20230706,novascotia.ca,accesstomemory.net,3448
20230706,novascotia.ca,accesstomemory.ca,3448
20230706,novascotia.ca,novascotia.ca,3448
20230706,novascotia.ca,facebook.com,3448
20230706,novascotia.ca,instagram.com,3448
20230706,novascotia.ca,library.ns.ca,3448
20230706,novascotia.ca,archives-novascotia.shop,3448
20230706,novascotia.ca,youtube.com,3448
20230706,novascotia.ca,twitter.com,3448
20230510,obeahhistories.org,automattic.com,3270
20230510,obeahhistories.org,obeahhistories.org,3270
20230510,obeahhistories.org,wordpress.com,3270
20230509,antiochamehistory.org,antiochamehistory.org,3260
20230509,antiochamehistory.org,emedara.com,3214
20230509,antiochamehistory.org,omeka.org,3214
20230706,nypl.org,nypl.org,2855
20230709,georgetown.edu,georgetown.edu,2786
20230709,georgetown.edu,omeka.org,2785
20230708,nypl.org,nypl.org,2705
20230709,nypl.org,nypl.org,2644
20230710,georgetown.edu,georgetown.edu,2586
20230710,georgetown.edu,omeka.org,2586
20230708,georgetown.edu,omeka.org,2573
20230708,georgetown.edu,georgetown.edu,2573
20230510,nypl.org,nypl.org,2484
20230710,nypl.org,nypl.org,2365
20230510,georgetown.edu,georgetown.edu,2239
20230510,georgetown.edu,omeka.org,2237
20230709,americanantiquarian.org,americanantiquarian.org,2059
20230709,americanantiquarian.org,omeka.org,2059
20230509,americanantiquarian.org,americanantiquarian.org,1858
20230509,americanantiquarian.org,omeka.org,1858
20230710,americanantiquarian.org,americanantiquarian.org,1658
20230710,americanantiquarian.org,omeka.org,1658
20230510,antiochamehistory.org,emedara.com,1648
20230510,antiochamehistory.org,omeka.org,1648
20230510,antiochamehistory.org,antiochamehistory.org,1648
20230708,antiochamehistory.org,emedara.com,1642
20230708,antiochamehistory.org,antiochamehistory.org,1642
20230708,antiochamehistory.org,omeka.org,1642
20230510,americanantiquarian.org,omeka.org,1432
20230510,americanantiquarian.org,americanantiquarian.org,1432
20230706,antiochamehistory.org,antiochamehistory.org,1204
20230509,cofc.edu,cofc.edu,1194
20230706,antiochamehistory.org,omeka.org,1144
20230706,antiochamehistory.org,emedara.com,1144
20230705,obeahhistories.org,wordpress.com,992
20230706,georgetown.edu,georgetown.edu,992
20230705,obeahhistories.org,automattic.com,992
20230705,obeahhistories.org,obeahhistories.org,992
20230707,antiochamehistory.org,antiochamehistory.org,945
20230707,antiochamehistory.org,omeka.org,945
20230707,antiochamehistory.org,emedara.com,945
20230708,americanantiquarian.org,americanantiquarian.org,933
20230708,americanantiquarian.org,omeka.org,933
20230709,antiochamehistory.org,antiochamehistory.org,900
20230709,antiochamehistory.org,emedara.com,900
20230709,antiochamehistory.org,omeka.org,900
20230706,georgetown.edu,omeka.org,881
20230705,nypl.org,nypl.org,870
20230509,emmett-till.org,omeka.org,815
20230509,emmett-till.org,curatescape.org,815
20230509,emmett-till.org,emmett-till.org,815
20230509,emmett-till.org,google.com,815
20230509,emmett-till.org,apple.com,815
20230509,emmett-till.org,facebook.com,815
20230707,georgetown.edu,georgetown.edu,725
20230707,georgetown.edu,omeka.org,719
20230706,cofc.edu,cofc.edu,676
20230705,novascotia.ca,archives-novascotia.shop,665
20230705,novascotia.ca,novascotia.ca,665
20230705,novascotia.ca,twitter.com,665
20230705,novascotia.ca,accesstomemory.net,665
20230705,novascotia.ca,instagram.com,665
20230705,novascotia.ca,library.ns.ca,665
20230705,novascotia.ca,youtube.com,665
20230705,novascotia.ca,accesstomemory.ca,665
20230705,novascotia.ca,facebook.com,665
20230705,emmett-till.org,google.com,659
20230705,emmett-till.org,apple.com,659
20230705,emmett-till.org,facebook.com,659
20230705,emmett-till.org,emmett-till.org,659
20230705,emmett-till.org,curatescape.org,659
20230705,emmett-till.org,omeka.org,659
20230620,nypl.org,nypl.org,606
20230705,cofc.edu,cofc.edu,558
20230620,georgetown.edu,georgetown.edu,554
20230620,georgetown.edu,omeka.org,554
20230710,antiochamehistory.org,emedara.com,534
20230710,antiochamehistory.org,antiochamehistory.org,534
20230710,antiochamehistory.org,omeka.org,534
20230620,obeahhistories.org,obeahhistories.org,532
20230620,obeahhistories.org,wordpress.com,532
20230620,obeahhistories.org,automattic.com,532
20230705,georgetown.edu,georgetown.edu,512
20230620,emmett-till.org,emmett-till.org,510
20230620,emmett-till.org,apple.com,510
20230620,emmett-till.org,google.com,510
20230620,emmett-till.org,facebook.com,510
20230620,emmett-till.org,curatescape.org,510
20230620,emmett-till.org,omeka.org,510
20230705,georgetown.edu,omeka.org,508
20230706,americanantiquarian.org,americanantiquarian.org,479
20230706,americanantiquarian.org,omeka.org,479
20230620,novascotia.ca,accesstomemory.ca,388
20230620,novascotia.ca,accesstomemory.net,388
20230620,novascotia.ca,twitter.com,388
20230620,novascotia.ca,instagram.com,388
20230620,novascotia.ca,facebook.com,388
20230620,novascotia.ca,novascotia.ca,388
20230620,novascotia.ca,library.ns.ca,388
20230620,novascotia.ca,youtube.com,388
20230509,cofc.edu,loc.gov,276
20230509,americanantiquarian.org,mwa.org,273
20230508,georgetown.edu,georgetown.edu,220
20230508,georgetown.edu,omeka.org,220
20230706,emmett-till.org,omeka.org,213
20230706,emmett-till.org,curatescape.org,213
20230706,emmett-till.org,emmett-till.org,213
20230706,emmett-till.org,google.com,213
20230706,emmett-till.org,apple.com,213
20230706,emmett-till.org,facebook.com,213
20230706,americanantiquarian.org,mwa.org,204
20230620,cofc.edu,cofc.edu,202
20230509,enslaved.org,enslaved.org,196
20230510,psu.edu,psu.edu,194
20230508,obeahhistories.org,automattic.com,180
20230508,obeahhistories.org,obeahhistories.org,180
20230508,obeahhistories.org,wordpress.com,180
20230709,nypl.org,inmotionaame.org,178
20230705,cofc.edu,loc.gov,173
20230620,umd.edu,umd.edu,171
20230620,umd.edu,wordpress.com,171
20230508,umd.edu,umd.edu,170
20230508,umd.edu,wordpress.com,170
20230705,umd.edu,umd.edu,169
20230705,umd.edu,wordpress.com,169
20230508,nypl.org,nypl.org,159
20230620,antiochamehistory.org,antiochamehistory.org,155
20230509,enslaved.org,neh.gov,149
20230509,enslaved.org,umd.edu,149
20230509,enslaved.org,instagram.com,149
20230509,enslaved.org,ucr.edu,149
20230509,enslaved.org,linkedin.com,149
20230509,enslaved.org,mellon.org,149
20230509,enslaved.org,msu.edu,149
20230509,enslaved.org,twitter.com,149
20230508,novascotia.ca,accesstomemory.net,133
20230508,novascotia.ca,accesstomemory.ca,133
20230508,novascotia.ca,youtube.com,133
20230508,novascotia.ca,novascotia.ca,133
20230508,novascotia.ca,facebook.com,133
20230508,novascotia.ca,library.ns.ca,133
20230508,novascotia.ca,twitter.com,133
20230508,novascotia.ca,instagram.com,133
20230620,unc.edu,unc.edu,133
20230705,unc.edu,unc.edu,131
20230509,linkedjazz.org,linkedjazz.org,130
20230509,cofc.edu,britannica.com,126
20230509,psu.edu,psu.edu,126
20230708,nypl.org,maphistory.info,125
20230708,nypl.org,loc.gov,125
20230620,unc.edu,andersnoren.se,123
20230705,unc.edu,andersnoren.se,121
20230705,americanantiquarian.org,omeka.org,116
20230508,unc.edu,unc.edu,116
20230508,enslaved.org,enslaved.org,116
20230620,antiochamehistory.org,omeka.org,116
20230620,antiochamehistory.org,emedara.com,116
20230705,americanantiquarian.org,americanantiquarian.org,116
20230509,psu.edu,wordpress.org,113
20230509,psu.edu,wordpress.com,113
20230509,psu.edu,creativecommons.org,113
20230509,georgetown.edu,youtube.com,111
20230508,antiochamehistory.org,antiochamehistory.org,111
20230509,georgetown.edu,facebook.com,111
20230509,georgetown.edu,instagram.com,111
20230509,georgetown.edu,twitter.com,111
20230706,georgetown.edu,instagram.com,110
20230706,georgetown.edu,facebook.com,110
20230706,georgetown.edu,twitter.com,110
20230620,umd.edu,wp.me,110
20230706,georgetown.edu,youtube.com,110
20230508,umd.edu,wp.me,109
20230705,umd.edu,wp.me,108
20230508,unc.edu,andersnoren.se,107
20230509,cofc.edu,unc.edu,106
20230705,enslaved.org,enslaved.org,106
20230705,enslaved.org,neh.gov,105
20230705,enslaved.org,msu.edu,105
20230705,enslaved.org,linkedin.com,105
20230705,enslaved.org,twitter.com,105
20230705,enslaved.org,umd.edu,105
20230705,enslaved.org,mellon.org,105
20230705,enslaved.org,ucr.edu,105
20230509,cofc.edu,sc.edu,105
20230705,enslaved.org,instagram.com,105
20230706,cofc.edu,loc.gov,103
20230509,cofc.edu,scencyclopedia.org,103
20230508,linkedjazz.org,linkedjazz.org,101
20230620,americanantiquarian.org,omeka.org,100
20230620,americanantiquarian.org,americanantiquarian.org,100
20230509,cofc.edu,wikipedia.org,100
20230707,psu.edu,psu.edu,99
20230706,psu.edu,psu.edu,98
20230706,psu.edu,wordpress.com,98
20230706,psu.edu,wordpress.org,98
20230706,psu.edu,creativecommons.org,98
20230510,psu.edu,wordpress.org,96
20230510,psu.edu,wordpress.com,96
20230510,psu.edu,creativecommons.org,96
20230508,americanantiquarian.org,americanantiquarian.org,92
20230508,americanantiquarian.org,omeka.org,92
20230705,antiochamehistory.org,antiochamehistory.org,91
20230509,americanantiquarian.org,unc.edu,89
20230508,enslaved.org,msu.edu,88
20230509,georgetown.edu,handle.net,88
20230508,enslaved.org,mellon.org,88
20230508,enslaved.org,umd.edu,88
20230508,enslaved.org,twitter.com,87
20230508,enslaved.org,ucr.edu,87
20230508,enslaved.org,linkedin.com,87
20230508,enslaved.org,instagram.com,87
20230508,unc.edu,google.com,87
20230620,unc.edu,google.com,87
20230508,enslaved.org,neh.gov,87
20230705,unc.edu,google.com,86
20230705,cofc.edu,britannica.com,84
20230620,twitter.com,twitter.com,82
20230508,twitter.com,twitter.com,82
20230620,unc.edu,washington.edu,78
20230620,unc.edu,archive.org,78
20230706,georgetown.edu,handle.net,78
20230508,unc.edu,archive.org,78
20230508,unc.edu,washington.edu,78
20230508,unc.edu,unioncountync.gov,77
20230705,americanantiquarian.org,mwa.org,77
20230705,unc.edu,washington.edu,77
20230705,unc.edu,archive.org,77
20230508,unc.edu,OuidaLindsay.us,77
20230508,unc.edu,edisondupree.com,77
20230620,unc.edu,Facebook%20edward%20leak,77
20230620,unc.edu,wikipedia.org,77
20230508,unc.edu,wordpress.com,77
20230508,unc.edu,ancestry.com,77
20230620,unc.edu,OuidaLindsay.us,77
20230508,unc.edu,wral.com,77
20230620,unc.edu,ncnaacp.org,77
20230508,unc.edu,wikipedia.org,77
20230620,unc.edu,facebook.com,77
20230508,unc.edu,newspapers.com,77
20230508,unc.edu,ncnaacp.org,77
20230620,unc.edu,wordpress.com,77
20230620,unc.edu,unioncountync.gov,77
20230508,unc.edu,facebook.com,77
20230620,unc.edu,ancestry.com,77
20230620,unc.edu,newspapers.com,77
20230620,unc.edu,wral.com,77
20230620,unc.edu,edisondupree.com,77
20230508,unc.edu,Facebook%20edward%20leak,77
20230705,unc.edu,OuidaLindsay.us,76
20230705,unc.edu,unioncountync.gov,76
20230705,unc.edu,facebook.com,76
20230705,unc.edu,wikipedia.org,76
20230509,linkedjazz.org,wordpress.org,76
20230707,nypl.org,inmotionaame.org,76
20230705,unc.edu,Facebook%20edward%20leak,76
20230705,unc.edu,wral.com,76
20230705,unc.edu,newspapers.com,76
20230705,unc.edu,edisondupree.com,76
20230705,unc.edu,ncnaacp.org,76
20230705,unc.edu,wordpress.com,76
20230509,cofc.edu,nps.gov,76
20230705,unc.edu,ancestry.com,76
20230620,enslaved.org,enslaved.org,75
20230509,linkedjazz.org,facebook.com,74
20230509,linkedjazz.org,twitter.com,74
20230620,enslaved.org,neh.gov,74
20230620,enslaved.org,twitter.com,74
20230620,enslaved.org,instagram.com,74
20230620,enslaved.org,umd.edu,74
20230620,enslaved.org,msu.edu,74
20230706,americanantiquarian.org,unc.edu,74
20230620,enslaved.org,linkedin.com,74
20230620,enslaved.org,ucr.edu,74
20230620,enslaved.org,mellon.org,74
20230508,antiochamehistory.org,omeka.org,73
20230508,antiochamehistory.org,emedara.com,73
20230705,cofc.edu,scencyclopedia.org,72
20230508,emmett-till.org,emmett-till.org,71
20230508,emmett-till.org,curatescape.org,71
20230508,emmett-till.org,apple.com,71
20230508,emmett-till.org,google.com,71
20230508,emmett-till.org,omeka.org,71
20230508,emmett-till.org,facebook.com,71
20230509,cofc.edu,pbs.org,70
20230509,nypl.org,thelibraryshop.org,67
20230509,nypl.org,digital-scriptorium.org,67
20230620,americanantiquarian.org,mwa.org,66
20230705,cofc.edu,wikipedia.org,65
20230705,enslaved.org,creativecommons.org,65
20230705,cofc.edu,sc.edu,64
20230509,enslaved.org,creativecommons.org,64
20230509,cofc.edu,archives.gov,62
20230707,nypl.org,loc.gov,61
20230620,cofc.edu,loc.gov,60
20230706,nypl.org,digital-scriptorium.org,59
20230706,nypl.org,thelibraryshop.org,59
20230705,cofc.edu,unc.edu,58
20230707,americanantiquarian.org,omeka.org,57
20230707,americanantiquarian.org,americanantiquarian.org,57
20230509,georgetown.edu,maryland.gov,57
20230705,twitter.com,twitter.com,55
20230508,linkedjazz.org,artkane.com,55
20230709,unc.edu,unc.edu,54
20230509,linkedjazz.org,artkane.com,53
20230705,antiochamehistory.org,omeka.org,52
20230509,cofc.edu,google.com,52
20230509,cofc.edu,sciway.net,52
20230705,antiochamehistory.org,emedara.com,52
20230508,jesuitplantationproject.org,6floors.org,51
20230508,jesuitplantationproject.org,omeka.org,51
20230508,jesuitplantationproject.org,creativecommons.org,51
20230508,jesuitplantationproject.org,jesuitplantationproject.org,51
20230509,cofc.edu,archive.org,50
20230705,enslaved.org,doi.org,49
20230706,cofc.edu,unc.edu,48
20230509,cofc.edu,sc.gov,48
20230620,emmett-till.org,qualtrics.com,46
20230620,obeahhistories.org,wp.me,46
20230620,obeahhistories.org,gravatar.com,46
20230509,cofc.edu,nypl.org,46
20230705,obeahhistories.org,gravatar.com,45
20230705,obeahhistories.org,wp.me,45
20230509,unc.edu,unc.edu,45
20230508,obeahhistories.org,wp.me,45
20230508,obeahhistories.org,gravatar.com,45
20230706,linkedjazz.org,linkedjazz.org,44
20230705,cofc.edu,pbs.org,44
20230706,unc.edu,unc.edu,44
20230620,emmett-till.org,twitter.com,43
20230708,nypl.org,voicethread.com,43
20230705,emmett-till.org,qualtrics.com,43
20230708,nypl.org,youtube.com,43
20230509,cofc.edu,charlestonmuseum.org,43
20230705,emmett-till.org,twitter.com,42
20230706,enslaved.org,enslaved.org,42
20230508,linkedjazz.org,wordpress.org,42
20230509,enslaved.org,doi.org,42
20230508,linkedjazz.org,facebook.com,42
20230706,cofc.edu,britannica.com,42
20230508,linkedjazz.org,twitter.com,42
20230706,cofc.edu,sc.edu,42
20230705,cofc.edu,nps.gov,40
20230710,unc.edu,unc.edu,40
20230509,cofc.edu,southcarolinahistoricalsociety.org,39
20230509,cofc.edu,si.edu,38
20230509,nypl.org,mcny.org,38
20230708,unc.edu,unc.edu,38
20230508,fanmrebel.com,fanmrebel.com,38
20230620,fanmrebel.com,fanmrebel.com,38
20230705,fanmrebel.com,fanmrebel.com,36
20230706,cofc.edu,nps.gov,36
20230706,cofc.edu,wikipedia.org,35
20230508,enslaved.org,creativecommons.org,35
20230620,georgetown.edu,maryland.gov,35
20230706,nypl.org,mcny.org,35
20230620,linkedjazz.org,artkane.com,34
20230509,linkedjazz.org,hamilton.edu,34
20230705,georgetown.edu,maryland.gov,34
20230508,linkedjazz.org,hamilton.edu,34
20230620,linkedjazz.org,linkedjazz.org,34
20230508,umd.edu,wikisource.org,33
20230705,umd.edu,wikisource.org,33
20230708,cofc.edu,cofc.edu,33
20230509,georgetown.edu,sjweb.info,33
20230620,umd.edu,wikisource.org,33
20230708,nypl.org,inmotionaame.org,32
20230705,cofc.edu,archives.gov,32
20230706,cofc.edu,scencyclopedia.org,32
20230705,cofc.edu,archive.org,31
20230620,antiochamehistory.org,themeisle.com,31
20230620,antiochamehistory.org,wordpress.org,31
20230705,antiochamehistory.org,themeisle.com,31
20230705,psu.edu,psu.edu,31
20230705,antiochamehistory.org,wordpress.org,31
20230509,cofc.edu,wikimedia.org,30
20230705,cofc.edu,google.com,30
20230706,nypl.org,ps1.org,30
20230706,cofc.edu,archives.gov,30
20230509,w3.org,w3.org,30
20230706,nypl.org,artfacts.net,30
20230508,antiochamehistory.org,wordpress.org,30
20230508,antiochamehistory.org,themeisle.com,30
20230509,cofc.edu,yale.edu,30
20230706,antiochamehistory.org,themeisle.com,30
20230620,cofc.edu,scencyclopedia.org,30
20230706,antiochamehistory.org,wordpress.org,30
20230620,cofc.edu,sc.edu,29
20230709,nypl.org,calvin.edu,29
20230705,cofc.edu,sciway.net,29
20230706,nypl.org,bbc.co.uk,28
20230509,cofc.edu,georgiaencyclopedia.org,28
20230706,nypl.org,nmpft.org.uk,28
20230508,enslaved.org,doi.org,27
20230508,emmett-till.org,qualtrics.com,27
20230509,cofc.edu,musc.edu,27
20230706,nypl.org,upenn.edu,27
20230709,unc.edu,andersnoren.se,27
20230706,nypl.org,inmotionaame.org,27
20230509,cofc.edu,slaveryimages.org,26
20230509,cofc.edu,postandcourier.com,26
20230706,georgetown.edu,maryland.gov,26
20230706,cofc.edu,pbs.org,26
20230705,cofc.edu,nypl.org,26
20230508,emmett-till.org,twitter.com,25
20230706,cofc.edu,southcarolinahistoricalsociety.org,25
20230706,cofc.edu,sc.gov,25
20230620,usc.edu,usc.edu,25
20230509,cofc.edu,gilderlehrman.org,24
20230705,cofc.edu,charlestonmuseum.org,24
20230509,cofc.edu,slavevoyages.org,24
20230508,usc.edu,usc.edu,24
20230509,cofc.edu,virginia.edu,24
20230706,enslaved.org,ucr.edu,23
20230705,cofc.edu,sc.gov,23
20230706,cofc.edu,sciway.net,23
20230706,linkedjazz.org,artkane.com,23
20230706,enslaved.org,instagram.com,23
20230705,usc.edu,usc.edu,23
20230706,enslaved.org,mellon.org,23
20230708,nypl.org,gm.com,23
20230706,enslaved.org,linkedin.com,23
20230706,enslaved.org,neh.gov,23
20230706,enslaved.org,twitter.com,23
20230706,enslaved.org,msu.edu,23
20230706,enslaved.org,umd.edu,23
20230705,enslaved.org,oxfordaasc.com,22
20230705,cofc.edu,si.edu,22
20230509,cofc.edu,gibbesmuseum.org,22
20230620,linkedjazz.org,hamilton.edu,22
20230509,cofc.edu,oxfordbibliographies.com,22
20230705,cofc.edu,gibbesmuseum.org,22
20230509,cofc.edu,harvard.edu,22
20230509,cofc.edu,cornell.edu,22
20230706,cofc.edu,google.com,22
20230705,emmett-till.org,amazon.com,21
20230509,cofc.edu,ccpl.org,21
20230709,nypl.org,digital-scriptorium.org,21
20230707,nypl.org,geh.org,21
20230620,cofc.edu,unc.edu,21
20230620,emmett-till.org,amazon.com,21
20230509,enslaved.org,oxfordaasc.com,21
20230709,nypl.org,thelibraryshop.org,21
20230509,unc.edu,andersnoren.se,20
20230508,archive.org,archive.org,20
20230508,archive.org,facebook.com,20
20230509,cofc.edu,nationalhumanitiescenter.org,20
20230508,archive.org,google.com,20
20230705,archive.org,mozilla.org,20
20230620,emmett-till.org,uchicago.edu,20
20230620,archive.org,reddit.com,20
20230706,linkedjazz.org,wordpress.org,20
20230620,archive.org,archive-it.org,20
20230508,archive.org,openlibrary.org,20
20230706,cofc.edu,nypl.org,20
20230620,archive.org,apple.com,20
20230508,archive.org,twitter.com,20
20230509,cofc.edu,gullahgeecheecorridor.org,20
20230509,cofc.edu,schistory.org,20
20230508,archive.org,reddit.com,20
20230705,archive.org,archive.org,20
20230620,archive.org,pinterest.com,20
20230620,archive.org,twitter.com,20
20230508,archive.org,apple.com,20
20230705,emmett-till.org,uchicago.edu,20
20230705,archive.org,google.com,20
20230508,archive.org,microsoft.com,20
20230510,cofc.edu,cofc.edu,20
20230620,archive.org,mozilla.org,20
20230705,archive.org,tumblr.com,20
20230707,americanantiquarian.org,mwa.org,20
20230508,archive.org,pinterest.com,20
20230508,archive.org,mozilla.org,20
20230705,archive.org,openlibrary.org,20
20230706,cofc.edu,charlestonmuseum.org,20
20230508,jesuitplantationproject.org,georgetown.edu,20
20230620,archive.org,google.com,20
20230705,cofc.edu,slaveryimages.org,20
20230620,archive.org,openlibrary.org,20
20230509,cofc.edu,history.com,20
20230705,archive.org,apple.com,20
20230620,archive.org,microsoft.com,20
20230620,archive.org,facebook.com,20
20230620,archive.org,archive.org,20
20230508,archive.org,tumblr.com,20
20230705,archive.org,twitter.com,20
20230705,archive.org,archive-it.org,20
20230705,archive.org,pinterest.com,20
20230508,archive.org,archive-it.org,20
20230620,archive.org,tumblr.com,20
20230509,cofc.edu,stanford.edu,20
20230705,archive.org,reddit.com,20
20230705,archive.org,microsoft.com,20
20230710,unc.edu,andersnoren.se,20
20230508,americanantiquarian.org,mwa.org,20
20230705,archive.org,facebook.com,20
20230620,usc.edu,purdue.edu,19
20230705,cofc.edu,gullahgeecheecorridor.org,19
20230706,linkedjazz.org,twitter.com,19
20230706,cofc.edu,archive.org,19
20230708,unc.edu,andersnoren.se,19
20230705,cofc.edu,yale.edu,19
20230706,linkedjazz.org,facebook.com,19
20230620,enslaved.org,creativecommons.org,19
20230705,cofc.edu,wikimedia.org,19
20230705,psu.edu,wordpress.com,18
20230509,cofc.edu,blackpast.org,18
20230705,georgetown.edu,sjweb.info,18
20230509,cofc.edu,metmuseum.org,18
20230707,nypl.org,thelibraryshop.org,18
20230508,usc.edu,purdue.edu,18
20230705,cofc.edu,virginia.edu,18
20230620,georgetown.edu,sjweb.info,18
20230707,nypl.org,digital-scriptorium.org,18
20230705,psu.edu,creativecommons.org,18
20230509,cofc.edu,worldcat.org,18
20230509,cofc.edu,rmg.co.uk,18
20230509,cofc.edu,citadeloralhistory.com,18
20230705,psu.edu,wordpress.org,18
20230620,cofc.edu,britannica.com,18
20230705,cofc.edu,georgiaencyclopedia.org,18
20230508,cofc.edu,cofc.edu,18
20230509,cofc.edu,scequalizationschools.org,18
20230509,emmett-till.org,twitter.com,18
20230706,nypl.org,americansall.com,17
20230620,archiveliberia.com,instagram.com,17
20230706,georgetown.edu,sjweb.info,17
20230705,usc.edu,purdue.edu,17
20230706,nypl.org,nps.gov,17
20230620,archiveliberia.com,facebook.com,17
20230705,americanantiquarian.org,unc.edu,17
20230509,cofc.edu,citadel.edu,17
20230705,cofc.edu,slavevoyages.org,17
20230509,georgetown.edu,youtu.be,17
20230620,americanantiquarian.org,unc.edu,17
20230706,cofc.edu,musc.edu,17
20230620,archiveliberia.com,archiveliberia.com,17
20230706,nypl.org,americanparknetwork.com,17
20230509,emmett-till.org,qualtrics.com,17
20230620,umd.edu,ufl.edu,16
20230509,cofc.edu,hathitrust.org,16
20230705,archiveliberia.com,instagram.com,16
20230511,obeahhistories.org,wordpress.com,16
20230509,cofc.edu,bbc.co.uk,16
20230509,cofc.edu,civilwar.org,16
20230705,cofc.edu,scequalizationschools.org,16
20230511,obeahhistories.org,automattic.com,16
20230509,cofc.edu,ncpedia.org,16
20230509,cofc.edu,liverpoolmuseums.org.uk,16
20230705,archiveliberia.com,facebook.com,16
20230509,antiochamehistory.org,themeisle.com,16
20230509,antiochamehistory.org,wordpress.org,16
20230705,archiveliberia.com,archiveliberia.com,16
20230509,cofc.edu,encyclopediavirginia.org,16
20230508,umd.edu,ufl.edu,16
20230511,obeahhistories.org,obeahhistories.org,16
20230706,cofc.edu,si.edu,16
20230705,cofc.edu,unesco.org,15
20230509,cofc.edu,philipsimmons.us,15
20230509,cofc.edu,historiccharleston.org,15
20230509,cofc.edu,preservationsociety.org,15
20230705,cofc.edu,nationalhumanitiescenter.org,15
20230705,cofc.edu,southcarolinahistoricalsociety.org,15
20230705,umd.edu,ufl.edu,15
20230620,georgetown.edu,archive.org,15
20230706,cofc.edu,history.com,15
20230508,linkedjazz.org,semlab.io,15
20230509,cofc.edu,iaamuseum.org,15
20230509,cofc.edu,unesco.org,15
20230509,cofc.edu,ancestry.com,14
20230509,cofc.edu,uchicago.edu,14
20230706,cofc.edu,preservationsociety.org,14
20230705,cofc.edu,blackpast.org,14
20230509,cofc.edu,npr.org,14
20230620,archive.org,worldcat.org,14
20230508,archiveliberia.com,archiveliberia.com,14
20230509,cofc.edu,nytimes.com,14
20230705,cofc.edu,postandcourier.com,14
20230705,georgetown.edu,archive.org,14
20230509,cofc.edu,wordpress.com,14
20230620,blackpower19thcentury.com,blackpower19thcentury.com,14
20230508,archiveliberia.com,facebook.com,14
20230509,georgetown.edu,archive.org,14
20230705,archive.org,worldcat.org,14
20230509,cofc.edu,learnnc.org,14
20230508,fanmrebel.com,facebook.com,14
20230508,archive.org,worldcat.org,14
20230510,nypl.org,thelibraryshop.org,14
20230509,cofc.edu,columbia.edu,14
20230705,cofc.edu,oxfordbibliographies.com,14
20230509,cofc.edu,jhu.edu,14
20230705,fanmrebel.com,facebook.com,14
20230706,cofc.edu,cornell.edu,14
20230509,cofc.edu,jstor.org,14
20230508,archiveliberia.com,instagram.com,14
20230705,cofc.edu,worldcat.org,14
20230508,blackpower19thcentury.com,blackpower19thcentury.com,14
20230509,georgetown.edu,earlywashingtondc.org,14
20230620,fanmrebel.com,facebook.com,14
20230510,nypl.org,digital-scriptorium.org,14
20230705,cofc.edu,bbc.co.uk,13
20230620,psu.edu,wordpress.com,13
20230705,cofc.edu,gilderlehrman.org,13
20230705,cofc.edu,harvard.edu,13
20230620,psu.edu,creativecommons.org,13
20230706,cofc.edu,rmg.co.uk,13
20230620,psu.edu,psu.edu,13
20230620,psu.edu,wordpress.org,13
20230706,cofc.edu,citadeloralhistory.com,13
20230705,cofc.edu,schistory.org,13
20230511,nypl.org,nypl.org,13
20230705,cofc.edu,iaamuseum.org,13
20230509,georgetown.edu,google.com,12
20230509,cofc.edu,naacp.org,12
20230706,cofc.edu,stanford.edu,12
20230620,cofc.edu,scequalizationschools.org,12
20230508,umd.edu,zotero.org,12
20230509,cofc.edu,youtube.com,12
20230705,cofc.edu,metmuseum.org,12
20230705,cofc.edu,uchicago.edu,12
20230509,cofc.edu,ugapress.org,12
20230706,cofc.edu,ccpl.org,12
20230706,cofc.edu,philipsimmons.us,12
20230706,linkedjazz.org,hamilton.edu,12
20230509,cofc.edu,cambridge.org,12
20230509,cofc.edu,uncpress.org,12
20230509,cofc.edu,charlestoncounty.org,12
20230709,cofc.edu,cofc.edu,12
20230706,cofc.edu,ancestry.com,12
20230706,cofc.edu,postandcourier.com,12
20230705,cofc.edu,hathitrust.org,12
20230509,cofc.edu,gddf.org,12
20230620,umd.edu,zotero.org,12
20230509,georgetown.edu,soundcloud.com,12
20230620,umd.edu,njhumanities.org,12
20230508,umd.edu,njhumanities.org,12
20230705,cofc.edu,encyclopediavirginia.org,12
20230509,cofc.edu,gettyimages.com,12
20230705,cofc.edu,liverpoolmuseums.org.uk,12
20230508,emmett-till.org,amazon.com,12
20230509,cofc.edu,readex.com,12
20230508,georgetown.edu,archive.org,12
20230509,cofc.edu,clemson.edu,12
20230509,cofc.edu,scsu.edu,12
20230620,psu.edu,wikipedia.org,11
20230620,fanmrebel.com,twitter.com,11
20230508,emmett-till.org,uchicago.edu,11
20230508,fanmrebel.com,twitter.com,11
20230508,linkedjazz.org,wikipedia.org,11
20230705,umd.edu,zotero.org,11
20230706,cofc.edu,wikimedia.org,11
20230710,cofc.edu,cofc.edu,11
20230620,cofc.edu,nps.gov,11
20230620,umd.edu,gravatar.com,11
20230509,americanantiquarian.org,readex.com,11
20230620,cofc.edu,slaveryimages.org,11
20230508,linkedjazz.org,smithsonianjazz.org,11
20230705,cofc.edu,musc.edu,11
20230705,psu.edu,wikipedia.org,11
20230706,unc.edu,andersnoren.se,11
20230620,umd.edu,ter.ps,11
20230620,cofc.edu,gibbesmuseum.org,11
20230509,linkedjazz.org,smithsonianjazz.org,11
20230705,cofc.edu,citadel.edu,11
20230705,cofc.edu,ugapress.org,11
20230508,umd.edu,gravatar.com,11
20230706,cofc.edu,civilwar.org,11
20230511,americanantiquarian.org,americanantiquarian.org,11
20230511,americanantiquarian.org,omeka.org,11
20230511,georgetown.edu,omeka.org,11
20230706,cofc.edu,yale.edu,11
20230511,georgetown.edu,georgetown.edu,11
20230705,fanmrebel.com,twitter.com,11
20230706,cofc.edu,gilderlehrman.org,11
20230508,linkedjazz.org,carnegiehall.org,11
20230706,cofc.edu,historiccharleston.org,11
20230705,umd.edu,njhumanities.org,11
20230705,cofc.edu,ncpedia.org,11
20230508,umd.edu,ter.ps,11
20230509,cofc.edu,schumanities.org,11
20230705,georgetown.edu,loc.gov,10
20230509,archive.org,microsoft.com,10
20230707,cofc.edu,cofc.edu,10
20230620,baldwinsparis.com,boldgrid.com,10
20230509,cofc.edu,uscourts.gov,10
20230509,archive.org,openlibrary.org,10
20230511,antiochamehistory.org,emedara.com,10
20230620,umd.edu,worldcat.org,10
20230509,cofc.edu,gwu.edu,10
20230705,umd.edu,worldcat.org,10
20230620,unc.edu,amazon.com,10
20230705,cofc.edu,freedomonthemove.org,10
20230706,archive.org,microsoft.com,10
20230706,archive.org,archive.org,10
20230509,cofc.edu,freedomonthemove.org,10
20230509,archive.org,google.com,10
20230705,umd.edu,gravatar.com,10
20230509,cofc.edu,whitehouse.gov,10
20230509,archive.org,archive-it.org,10
20230620,baldwinsparis.com,baldwinsparis.com,10
20230705,cofc.edu,ccpl.org,10
20230705,cofc.edu,ccsdschools.com,10
20230706,archive.org,archive-it.org,10
20230705,cofc.edu,gddf.org,10
20230509,cofc.edu,duke.edu,10
20230508,unc.edu,amazon.com,10
20230508,umd.edu,worldcat.org,10
20230706,archive.org,google.com,10
20230509,cofc.edu,ferris.edu,10
20230706,cofc.edu,georgiaencyclopedia.org,10
20230706,archive.org,openlibrary.org,10
20230509,cofc.edu,teachingushistory.org,10
20230509,archive.org,archive.org,10
20230706,cofc.edu,youtube.com,10
20230620,cofc.edu,nypl.org,10
20230509,cofc.edu,uh.edu,10
20230511,antiochamehistory.org,antiochamehistory.org,10
20230620,georgetown.edu,loc.gov,10
20230511,antiochamehistory.org,omeka.org,10
20230509,cofc.edu,house.gov,10
20230706,archive.org,apple.com,10
20230509,cofc.edu,ccsdschools.com,10
20230509,cofc.edu,ua.edu,10
20230509,archive.org,mozilla.org,10
20230705,unc.edu,amazon.com,10
20230509,cofc.edu,africanamericancharleston.com,10
20230509,cofc.edu,thekingcenter.org,10
20230705,cofc.edu,cambridge.org,10
20230706,cofc.edu,olmoutreach.org,10
20230706,archive.org,mozilla.org,10
20230509,archive.org,apple.com,10
20230620,baldwinsparis.com,dreamhost.com,10
20230705,umd.edu,ter.ps,10
20230706,cofc.edu,npr.org,9
20230706,cofc.edu,magartcharleston.com,9
20230509,archive.org,pinterest.com,9
20230620,cofc.edu,wikipedia.org,9
20230509,georgetown.edu,loc.gov,9
20230508,unc.edu,eji.org,9
20230706,archive.org,reddit.com,9
20230706,archive.org,worldcat.org,9
20230620,cofc.edu,google.com,9
20230706,archive.org,facebook.com,9
20230509,emmett-till.org,uchicago.edu,9
20230706,archive.org,pinterest.com,9
20230509,archive.org,worldcat.org,9
20230705,fanmrebel.com,pinterest.com,9
20230706,archive.org,twitter.com,9
20230620,emmett-till.org,glendorams.com,9
20230705,cofc.edu,columbia.edu,9
20230705,emmett-till.org,oup.com,9
20230508,linkedjazz.org,tulane.edu,9
20230620,unc.edu,census.gov,9
20230620,unc.edu,revready.com,9
20230508,umd.edu,archive.org,9
20230620,umd.edu,archive.org,9
20230508,unc.edu,census.gov,9
20230705,emmett-till.org,glendorams.com,9
20230705,unc.edu,census.gov,9
20230509,archive.org,reddit.com,9
20230706,archive.org,tumblr.com,9
20230705,umd.edu,archive.org,9
20230508,georgetown.edu,google.com,9
20230620,google.com,google.com,9
20230705,unc.edu,revready.com,9
20230706,cofc.edu,aclusc.org,9
20230706,cofc.edu,uscis.gov,9
20230509,archive.org,twitter.com,9
20230706,cofc.edu,harvard.edu,9
20230508,fanmrebel.com,pinterest.com,9
20230620,cofc.edu,sc.gov,9
20230620,cofc.edu,wikimedia.org,9
20230620,unc.edu,eji.org,9
20230509,emmett-till.org,amazon.com,9
20230620,georgetown.edu,earlywashingtondc.org,9
20230509,archive.org,facebook.com,9
20230508,georgetown.edu,maryland.gov,9
20230705,unc.edu,eji.org,9
20230706,georgetown.edu,archive.org,9
20230706,georgetown.edu,youtu.be,9
20230620,emmett-till.org,oup.com,9
20230509,cofc.edu,emanuelamechurch.org,9
20230509,archive.org,tumblr.com,9
20230620,fanmrebel.com,pinterest.com,9
20230705,cofc.edu,charlestoncounty.org,9
20230508,unc.edu,revready.com,9
20230620,usc.edu,ohiohistorycentral.org,8
20230508,baldwinsparis.com,baldwinsparis.com,8
20230705,cofc.edu,uncpress.org,8
20230509,loc.gov,facebook.com,8
20230706,wikipedia.org,mediawiki.org,8
20230508,psu.edu,wordpress.com,8
20230509,cofc.edu,about.com,8
20230705,cofc.edu,stanford.edu,8
20230509,cofc.edu,smithsonianmag.com,8
20230705,baldwinsparis.com,dreamhost.com,8
20230706,wikipedia.org,wikimediafoundation.org,8
20230707,americanantiquarian.org,unc.edu,8
20230509,cofc.edu,gsu.edu,8
20230509,cofc.edu,bl.uk,8
20230508,psu.edu,wordpress.org,8
20230509,cofc.edu,northcarolinahistory.org,8
20230509,cofc.edu,uscis.gov,8
20230705,cofc.edu,nytimes.com,8
20230509,linkedjazz.org,xmlns.com,8
20230509,wikipedia.org,wikimedia.org,8
20230508,psu.edu,creativecommons.org,8
20230706,wikipedia.org,creativecommons.org,8
20230509,loc.gov,flickr.com,8
20230706,wikipedia.org,wikidata.org,8
20230509,loc.gov,loc.gov,8
20230509,cofc.edu,biography.com,8
20230509,loc.gov,twitter.com,8
20230509,linkedjazz.org,tulane.edu,8
20230705,cofc.edu,schumanities.org,8
20230509,wikipedia.org,wikimediafoundation.org,8
20230620,cofc.edu,pbs.org,8
20230509,cofc.edu,claflin.edu,8
20230509,cofc.edu,oup.com,8
20230705,baldwinsparis.com,boldgrid.com,8
20230620,linkedjazz.org,smithsonianjazz.org,8
20230509,wikipedia.org,wikidata.org,8
20230508,psu.edu,psu.edu,8
20230706,georgetown.edu,earlywashingtondc.org,8
20230706,cofc.edu,oxfordbibliographies.com,8
20230705,cofc.edu,duke.edu,8
20230509,cofc.edu,state.gov,8
20230509,wikipedia.org,mediawiki.org,8
20230509,cofc.edu,jhssc.org,8
20230620,georgetown.edu,youtu.be,8
20230509,cofc.edu,draytonhall.org,8
20230705,cofc.edu,learnnc.org,8
20230706,cofc.edu,wordpress.com,8
20230508,google.com,google.com,8
20230509,wikipedia.org,creativecommons.org,8
20230706,cofc.edu,jstor.org,8
20230508,baldwinsparis.com,dreamhost.com,8
20230509,cofc.edu,magartcharleston.com,8
20230508,usc.edu,ohiohistorycentral.org,8
20230706,americanantiquarian.org,readex.com,8
20230705,cofc.edu,cornell.edu,8
20230509,cofc.edu,uillinois.edu,8
20230705,cofc.edu,ferris.edu,8
20230509,cofc.edu,olmoutreach.org,8
20230705,baldwinsparis.com,baldwinsparis.com,8
20230509,cofc.edu,umich.edu,8
20230705,georgetown.edu,earlywashingtondc.org,8
20230705,cofc.edu,jhu.edu,8
20230620,fanmrebel.com,college-of-arms.gov.uk,8
20230509,cofc.edu,aclusc.org,8
20230705,usc.edu,ohiohistorycentral.org,8
20230706,wikipedia.org,wikimedia.org,8
20230509,cofc.edu,scetv.org,8
20230508,baldwinsparis.com,boldgrid.com,8
20230509,cofc.edu,gutenberg.org,8
20230509,loc.gov,apple.com,8
20230509,cofc.edu,ecu.edu,8
20230706,wikipedia.org,wikipedia.org,8
20230509,cofc.edu,averyinstitute.us,8
20230509,cofc.edu,encyclopediaofalabama.org,8
20230508,fanmrebel.com,college-of-arms.gov.uk,8
20230509,loc.gov,youtube.com,8
20230509,cofc.edu,princeton.edu,8
20230509,cofc.edu,americanantiquarian.org,8
20230509,wikipedia.org,wikipedia.org,8
20230705,cofc.edu,princeton.edu,7
20230706,cofc.edu,slavevoyages.org,7
20230508,americanantiquarian.org,unc.edu,7
20230706,cofc.edu,clemson.edu,7
20230706,loc.gov,facebook.com,7
20230705,cofc.edu,readex.com,7
20230705,georgetown.edu,youtu.be,7
20230620,psu.edu,youtube.com,7
20230705,mappingmarronage.com,mappingmarronage.com,7
20230705,cofc.edu,gettyimages.com,7
20230620,georgetown.edu,google.com,7
20230706,wikipedia.org,worldcat.org,7
20230509,cofc.edu,lowcountryafricana.com,7
20230509,wikipedia.org,archive.org,7
20230706,loc.gov,apple.com,7
20230705,fanmrebel.com,college-of-arms.gov.uk,7
20230509,georgetown.edu,rightsstatements.org,7
20230705,psu.edu,youtube.com,7
20230706,loc.gov,youtube.com,7
20230509,georgetown.edu,nytimes.com,7
20230706,loc.gov,flickr.com,7
20230705,cofc.edu,uscourts.gov,7
20230706,cofc.edu,teachingushistory.org,7
20230620,cofc.edu,si.edu,7
20230706,cofc.edu,scsu.edu,7
20230705,emmett-till.org,chicago.gov,7
20230620,emmett-till.org,civilrightstrail.com,7
20230706,cofc.edu,schistory.org,7
20230705,emmett-till.org,civilrightstrail.com,7
20230509,wikipedia.org,worldcat.org,7
20230620,usc.edu,loc.gov,7
20230620,cofc.edu,hathitrust.org,7
20230510,americanantiquarian.org,mwa.org,7
20230620,cofc.edu,charlestonmuseum.org,7
20230620,emmett-till.org,chicago.gov,7
20230508,mappingmarronage.com,mappingmarronage.com,7
20230706,wikipedia.org,archive.org,7
20230706,cofc.edu,averyinstitute.us,7
20230620,cofc.edu,worldcat.org,7
20230705,cofc.edu,scetv.org,7
20230620,georgetown.edu,nytimes.com,7
20230706,loc.gov,twitter.com,7
20230706,loc.gov,loc.gov,7
20230620,georgetown.edu,arcgis.com,7
20230620,emmett-till.org,flvc.org,7
20230509,enslaved.org,fontspring.com,7
20230705,emmett-till.org,flvc.org,7
20230620,cofc.edu,gullahgeecheecorridor.org,7
20230706,cofc.edu,naacp.org,7
20230706,cofc.edu,citadel.edu,7
20230509,georgetown.edu,civilwardc.org,7
20230705,georgetown.edu,nytimes.com,6
20230620,wordpress.com,wordpress.com,6
20230620,cofc.edu,archives.gov,6
20230509,cofc.edu,newberry.org,6
20230509,cofc.edu,middletonplace.org,6
20230620,obeahhistories.org,historyworkshop.org.uk,6
20230620,cofc.edu,ugapress.org,6
20230509,w3.org,mit.edu,6
20230509,dbpedia.org,dbpedia.org,6
20230709,nypl.org,clemusart.com,6
20230509,linkedjazz.org,meetup.com,6
20230709,nypl.org,museumca.org,6
20230508,umd.edu,cambridge.org,6
20230620,usc.edu,oberlinheritagecenter.org,6
20230706,linkedjazz.org,smithsonianjazz.org,6
20230509,soundcloud.com,apple.com,6
20230620,cofc.edu,flickr.com,6
20230706,cofc.edu,metmuseum.org,6
20230705,cofc.edu,ua.edu,6
20230709,nypl.org,uprr.com,6
20230509,cofc.edu,warpaths2peacepipes.com,6
20230706,cofc.edu,house.gov,6
20230620,usc.edu,youtube.com,6
20230705,usc.edu,oberlinheritagecenter.org,6
20230509,cofc.edu,susanharbagepage.blogspot.com,6
20230508,usc.edu,loc.gov,6
20230705,wordpress.com,wordpress.com,6
20230705,cofc.edu,e2bn.org,6
20230509,cofc.edu,utexas.edu,6
20230509,cofc.edu,penncenter.com,6
20230509,cofc.edu,icarusfilms.com,6
20230508,umich.edu,facebook.com,6
20230705,obeahhistories.org,historyworkshop.org.uk,6
20230509,cofc.edu,sewallbelmont.org,6
20230620,cofc.edu,nli.org.il,6
20230620,cofc.edu,uchicago.edu,6
20230509,cofc.edu,eji.org,6
20230509,soundcloud.com,microsoft.com,6
20230509,cofc.edu,aaero.org,6
20230706,cofc.edu,slaveryimages.org,6
20230509,linkedjazz.org,code4lib.org,6
20230707,georgetown.edu,youtube.com,6
20230509,cofc.edu,encyclopedia.com,6
20230706,cofc.edu,jhu.edu,6
20230509,soundcloud.com,google.com,6
20230706,soundcloud.com,firefox.com,6
20230705,cofc.edu,npg.org.uk,6
20230508,umich.edu,linkedin.com,6
20230509,cofc.edu,uapress.com,6
20230707,georgetown.edu,instagram.com,6
20230705,cofc.edu,umich.edu,6
20230706,soundcloud.com,enable-javascript.com,6
20230508,umich.edu,twitter.com,6
20230706,soundcloud.com,soundcloud.com,6
20230509,cofc.edu,fold3.com,6
20230707,georgetown.edu,facebook.com,6
20230706,cofc.edu,learnnc.org,6
20230509,cofc.edu,usf.edu,6
20230508,psu.edu,wikipedia.org,6
20230509,cofc.edu,newspapers.com,6
20230705,cofc.edu,bl.uk,6
20230709,nypl.org,nga.gov,6
20230509,cofc.edu,beaufortcountylibrary.org,6
20230706,wikipedia.org,google.com,6
20230509,soundcloud.com,firefox.com,6
20230706,cofc.edu,nytimes.com,6
20230509,cofc.edu,navy.mil,6
20230705,cofc.edu,gutenberg.org,6
20230508,umich.edu,umich.edu,6
20230509,cofc.edu,sohp.org,6
20230707,georgetown.edu,twitter.com,6
20230509,cofc.edu,colonialwilliamsburg.com,6
20230508,obeahhistories.org,historyworkshop.org.uk,6
20230706,cofc.edu,gsu.edu,6
20230509,cofc.edu,scafricanamerican.com,6
20230709,nypl.org,yosemite.ca.us,6
20230509,cofc.edu,carolana.com,6
20230509,cofc.edu,upenn.edu,6
20230705,cofc.edu,emanuelamechurch.org,6
20230705,cofc.edu,africanamericancharleston.com,6
20230508,usc.edu,youtube.com,6
20230709,nypl.org,loc.gov,6
20230509,cofc.edu,e2bn.org,6
20230509,wikipedia.org,google.com,6
20230508,wordpress.com,wpvip.com,6
20230620,cofc.edu,schistory.org,6
20230509,cofc.edu,morrisbrownamechurch.org,6
20230707,unc.edu,unc.edu,6
20230707,georgetown.edu,maryland.gov,6
20230705,cofc.edu,wordpress.com,6
20230508,jesuitplantationproject.org,doi.org,6
20230706,soundcloud.com,apple.com,6
20230509,soundcloud.com,soundcloud.com,6
20230709,nypl.org,nps.gov,6
20230705,georgetown.edu,soundcloud.com,6
20230620,wordpress.com,wpvip.com,6
20230705,cofc.edu,nli.org.il,6
20230705,wordpress.com,wpvip.com,6
20230620,cofc.edu,virginia.edu,6
20230706,soundcloud.com,microsoft.com,6
20230509,linkedjazz.org,wikipedia.org,6
20230509,cofc.edu,aaihs.org,6
20230620,umd.edu,cambridge.org,6
20230707,georgetown.edu,handle.net,6
20230509,psu.edu,wikipedia.org,6
20230509,emmett-till.org,chicago.gov,6
20230509,cofc.edu,nli.org.il,6
20230706,cofc.edu,aclu.org,6
20230509,cofc.edu,wellcomelibrary.org,6
20230508,wordpress.com,automattic.com,6
20230509,cofc.edu,flickr.com,6
20230705,usc.edu,youtube.com,6
20230509,cofc.edu,npg.org.uk,6
20230705,wordpress.com,automattic.com,6
20230620,georgetown.edu,soundcloud.com,6
20230509,cofc.edu,understandingslavery.com,6
20230509,linkedjazz.org,lodlam.net,6
20230509,cofc.edu,kkbe.org,6
20230508,usc.edu,oberlinheritagecenter.org,6
20230509,cofc.edu,tandfonline.com,6
20230705,georgetown.edu,google.com,6
20230705,umd.edu,cambridge.org,6
20230620,wordpress.com,automattic.com,6
20230706,georgetown.edu,soundcloud.com,6
20230706,soundcloud.com,google.com,6
20230509,soundcloud.com,enable-javascript.com,6
20230509,cofc.edu,harpweek.com,6
20230620,cofc.edu,archive.org,6
20230705,cofc.edu,jstor.org,6
20230709,nypl.org,usgs.gov,6
20230508,linkedjazz.org,jazzednet.org,6
20230705,cofc.edu,state.gov,6
20230509,cofc.edu,aclu.org,6
20230705,cofc.edu,flickr.com,6
20230509,cofc.edu,librarycompany.org,6
20230508,wordpress.com,wordpress.com,6
20230706,cofc.edu,virginia.edu,6
20230508,georgetown.edu,americanancestors.org,6
20230705,cofc.edu,biography.com,6
20230509,cofc.edu,charlestonmag.com,6
